Ano de eleição;Cargo;Detalhe tipo de deficiência;Estado civil;Faixa etária;Gênero;Grau de instrução;Sigla partido;Situação de totalização;Tipo de deficiência;UF;Quantidade de candidatos;Data de carga
2022;2º Suplente;Física - Outros;Casado(a);50 a 54 anos;Feminino;Superior completo;PATRIOTA;Não eleito;Física;RR;1;2024-02-21 19:37:48
2022;Deputado Distrital;Auditiva;Casado(a);35 a 39 anos;Feminino;Superior completo;AVANTE;Suplente;Auditiva;DF;1;2024-02-21 19:37:48
2022;Deputado Distrital;Auditiva;Separado(a) judicialmente;55 a 59 anos;Feminino;Superior completo;PRTB;Não eleito;Auditiva;DF;1;2024-02-21 19:37:48
2022;Deputado Distrital;Física - Monoplegia;Casado(a);40 a 44 anos;Masculino;Superior completo;SOLIDARIEDADE;Não eleito;Física;DF;1;2024-02-21 19:37:48
2022;Deputado Distrital;Física - Outros;Casado(a);45 a 49 anos;Masculino;Superior completo;REPUBLICANOS;Suplente;Física;DF;1;2024-02-21 19:37:48
2022;Deputado Distrital;Física - Outros;Casado(a);50 a 54 anos;Masculino;Superior completo;MDB;Eleito por QP;Física;DF;1;2024-02-21 19:37:48
2022;Deputado Distrital;Física - Outros;Casado(a);55 a 59 anos;Masculino;Superior completo;PL;Suplente;Física;DF;1;2024-02-21 19:37:48
2022;Deputado Distrital;Física - Outros;Solteiro(a);35 a 39 anos;Masculino;Superior completo;PP;Não eleito;Física;DF;1;2024-02-21 19:37:48
2022;Deputado Distrital;Física - Outros;Solteiro(a);60 a 64 anos;Masculino;Ensino Médio completo;SOLIDARIEDADE;Não eleito;Física;DF;1;2024-02-21 19:37:48
2022;Deputado Distrital;Física - Paraplegia;Divorciado(a);65 a 69 anos;Masculino;Superior completo;PATRIOTA;Não eleito;Física;DF;1;2024-02-21 19:37:48
2022;Deputado Distrital;Física - Paraplegia;Solteiro(a);40 a 44 anos;Masculino;Ensino Médio completo;PDT;Não eleito;Física;DF;1;2024-02-21 19:37:48
2022;Deputado Distrital;Física - Paraplegia;Solteiro(a);45 a 49 anos;Feminino;Superior incompleto;MDB;Suplente;Física;DF;1;2024-02-21 19:37:48
2022;Deputado Distrital;Outros;Casado(a);40 a 44 anos;Masculino;Superior completo;PL;Suplente;Outros;DF;1;2024-02-21 19:37:48
2022;Deputado Distrital;Outros;Casado(a);45 a 49 anos;Masculino;Ensino Médio completo;PATRIOTA;Não eleito;Outros;DF;1;2024-02-21 19:37:48
2022;Deputado Distrital;Outros;Separado(a) judicialmente;55 a 59 anos;Feminino;Superior completo;PRTB;Não eleito;Outros;DF;1;2024-02-21 19:37:48
2022;Deputado Distrital;Visual;Casado(a);40 a 44 anos;Masculino;Ensino Fundamental incompleto;REPUBLICANOS;Suplente;Visual;DF;1;2024-02-21 19:37:48
2022;Deputado Distrital;Visual;Casado(a);55 a 59 anos;Masculino;Superior completo;PL;Suplente;Visual;DF;1;2024-02-21 19:37:48
2022;Deputado Distrital;Visual;Solteiro(a);45 a 49 anos;Masculino;Ensino Fundamental incompleto;DC;Não eleito;Visual;DF;1;2024-02-21 19:37:48
2022;Deputado Estadual;Auditiva;Casado(a);30 a 34 anos;Feminino;Superior completo;PSB;Suplente;Auditiva;PR;1;2024-02-21 19:37:48
2022;Deputado Estadual;Auditiva;Casado(a);35 a 39 anos;Feminino;Superior completo;PSDB;Suplente;Auditiva;SC;1;2024-02-21 19:37:48
2022;Deputado Estadual;Auditiva;Casado(a);35 a 39 anos;Feminino;Superior completo;PV;Suplente;Auditiva;GO;1;2024-02-21 19:37:48
2022;Deputado Estadual;Auditiva;Casado(a);35 a 39 anos;Masculino;Ensino Médio completo;PT;Suplente;Auditiva;MS;1;2024-02-21 19:37:48
2022;Deputado Estadual;Auditiva;Casado(a);35 a 39 anos;Masculino;Superior completo;PT;Suplente;Auditiva;PB;1;2024-02-21 19:37:48
2022;Deputado Estadual;Auditiva;Casado(a);40 a 44 anos;Feminino;Superior completo;UNIÃO;Suplente;Auditiva;PR;1;2024-02-21 19:37:48
2022;Deputado Estadual;Auditiva;Casado(a);40 a 44 anos;Masculino;Superior completo;DC;Não eleito;Auditiva;SC;1;2024-02-21 19:37:48
2022;Deputado Estadual;Auditiva;Casado(a);45 a 49 anos;Masculino;Superior completo;PSB;Suplente;Auditiva;TO;1;2024-02-21 19:37:48
2022;Deputado Estadual;Auditiva;Casado(a);50 a 54 anos;Feminino;Superior incompleto;REPUBLICANOS;Suplente;Auditiva;CE;1;2024-02-21 19:37:48
2022;Deputado Estadual;Auditiva;Casado(a);50 a 54 anos;Masculino;Ensino Fundamental incompleto;PSOL;Suplente;Auditiva;BA;1;2024-02-21 19:37:48
2022;Deputado Estadual;Auditiva;Casado(a);50 a 54 anos;Masculino;Ensino Médio completo;PP;Suplente;Auditiva;PI;1;2024-02-21 19:37:48
2022;Deputado Estadual;Auditiva;Casado(a);50 a 54 anos;Masculino;Ensino Médio completo;PSB;Não eleito;Auditiva;SE;1;2024-02-21 19:37:48
2022;Deputado Estadual;Auditiva;Casado(a);55 a 59 anos;Feminino;Superior completo;PT;Suplente;Auditiva;SE;1;2024-02-21 19:37:48
2022;Deputado Estadual;Auditiva;Casado(a);60 a 64 anos;Masculino;Ensino Médio completo;PATRIOTA;Suplente;Auditiva;RJ;1;2024-02-21 19:37:48
2022;Deputado Estadual;Auditiva;Casado(a);65 a 69 anos;Masculino;Ensino Médio completo;PP;Suplente;Auditiva;RS;1;2024-02-21 19:37:48
2022;Deputado Estadual;Auditiva;Divorciado(a);40 a 44 anos;Feminino;Superior completo;PDT;Suplente;Auditiva;SP;1;2024-02-21 19:37:48
2022;Deputado Estadual;Auditiva;Divorciado(a);45 a 49 anos;Feminino;Ensino Médio completo;PV;#NULO#;Auditiva;SP;1;2024-02-21 19:37:48
2022;Deputado Estadual;Auditiva;Divorciado(a);45 a 49 anos;Feminino;Superior completo;AVANTE;Não eleito;Auditiva;SP;1;2024-02-21 19:37:48
2022;Deputado Estadual;Auditiva;Divorciado(a);50 a 54 anos;Feminino;Superior incompleto;PP;Suplente;Auditiva;SP;1;2024-02-21 19:37:48
2022;Deputado Estadual;Auditiva;Divorciado(a);50 a 54 anos;Masculino;Superior completo;PT;Suplente;Auditiva;PE;1;2024-02-21 19:37:48
2022;Deputado Estadual;Auditiva;Divorciado(a);65 a 69 anos;Masculino;Superior completo;SOLIDARIEDADE;#NULO#;Auditiva;MS;1;2024-02-21 19:37:48
2022;Deputado Estadual;Auditiva;Divorciado(a);75 a 79 anos;Masculino;Ensino Médio completo;PTB;Não eleito;Auditiva;SP;1;2024-02-21 19:37:48
2022;Deputado Estadual;Auditiva;Solteiro(a);21 a 24 anos;Feminino;Superior incompleto;PP;Suplente;Auditiva;AC;1;2024-02-21 19:37:48
2022;Deputado Estadual;Auditiva;Solteiro(a);30 a 34 anos;Feminino;Superior incompleto;PSOL;Suplente;Auditiva;SC;1;2024-02-21 19:37:48
2022;Deputado Estadual;Auditiva;Solteiro(a);30 a 34 anos;Masculino;Ensino Médio incompleto;PL;Suplente;Auditiva;GO;1;2024-02-21 19:37:48
2022;Deputado Estadual;Auditiva;Solteiro(a);35 a 39 anos;Feminino;Ensino Médio completo;PP;Suplente;Auditiva;BA;1;2024-02-21 19:37:48
2022;Deputado Estadual;Auditiva;Solteiro(a);35 a 39 anos;Feminino;Ensino Médio completo;PSD;#NULO#;Auditiva;PR;1;2024-02-21 19:37:48
2022;Deputado Estadual;Auditiva;Solteiro(a);35 a 39 anos;Masculino;Superior completo;PSD;Não eleito;Auditiva;AL;1;2024-02-21 19:37:48
2022;Deputado Estadual;Auditiva;Solteiro(a);40 a 44 anos;Feminino;Superior completo;PSOL;Suplente;Auditiva;RJ;1;2024-02-21 19:37:48
2022;Deputado Estadual;Auditiva;Solteiro(a);40 a 44 anos;Masculino;Superior completo;PSB;Suplente;Auditiva;GO;1;2024-02-21 19:37:48
2022;Deputado Estadual;Auditiva;Solteiro(a);50 a 54 anos;Masculino;Superior incompleto;SOLIDARIEDADE;Não eleito;Auditiva;RS;1;2024-02-21 19:37:48
2022;Deputado Estadual;Auditiva;Solteiro(a);60 a 64 anos;Feminino;Ensino Médio completo;PSC;Suplente;Auditiva;BA;1;2024-02-21 19:37:48
2022;Deputado Estadual;Auditiva;Solteiro(a);60 a 64 anos;Masculino;Ensino Médio completo;AGIR;Não eleito;Auditiva;MA;1;2024-02-21 19:37:48
2022;Deputado Estadual;Auditiva;Viúvo(a);70 a 74 anos;Masculino;Ensino Fundamental completo;PDT;Suplente;Auditiva;TO;1;2024-02-21 19:37:48
2022;Deputado Estadual;Auditiva;Viúvo(a);80 a 84 anos;Masculino;Superior completo;PV;Suplente;Auditiva;MG;1;2024-02-21 19:37:48
2022;Deputado Estadual;Autismo;Casado(a);35 a 39 anos;Feminino;Superior completo;PL;Suplente;Autismo;ES;1;2024-02-21 19:37:48
2022;Deputado Estadual;Autismo;Casado(a);55 a 59 anos;Masculino;Superior completo;PSB;Não eleito;Autismo;SC;1;2024-02-21 19:37:48
2022;Deputado Estadual;Autismo;Divorciado(a);45 a 49 anos;Masculino;Superior completo;AGIR;Não eleito;Autismo;SP;1;2024-02-21 19:37:48
2022;Deputado Estadual;Autismo;Solteiro(a);25 a 29 anos;Feminino;Ensino Fundamental completo;PSB;Não eleito;Autismo;CE;1;2024-02-21 19:37:48
2022;Deputado Estadual;Autismo;Solteiro(a);25 a 29 anos;Feminino;Superior incompleto;PSOL;#NULO#;Autismo;PE;1;2024-02-21 19:37:48
2022;Deputado Estadual;Autismo;Solteiro(a);25 a 29 anos;Masculino;Ensino Médio completo;PSDB;Não eleito;Autismo;RJ;1;2024-02-21 19:37:48
2022;Deputado Estadual;Autismo;Solteiro(a);40 a 44 anos;Masculino;Superior incompleto;PSD;Suplente;Autismo;PR;1;2024-02-21 19:37:48
2022;Deputado Estadual;Autismo;Solteiro(a);45 a 49 anos;Masculino;Superior completo;PSB;Não eleito;Autismo;AP;1;2024-02-21 19:37:48
2022;Deputado Estadual;Física - Monoplegia;Casado(a);40 a 44 anos;Feminino;Superior incompleto;PL;Suplente;Física;SE;1;2024-02-21 19:37:48
2022;Deputado Estadual;Física - Monoplegia;Casado(a);50 a 54 anos;Feminino;Superior completo;PT;Suplente;Física;PI;1;2024-02-21 19:37:48
2022;Deputado Estadual;Física - Monoplegia;Casado(a);50 a 54 anos;Masculino;Superior completo;PRTB;Não eleito;Física;RJ;1;2024-02-21 19:37:48
2022;Deputado Estadual;Física - Monoplegia;Casado(a);55 a 59 anos;Masculino;Ensino Médio completo;SOLIDARIEDADE;Não eleito;Física;RS;1;2024-02-21 19:37:48
2022;Deputado Estadual;Física - Monoplegia;Solteiro(a);45 a 49 anos;Masculino;Ensino Fundamental completo;PT;Suplente;Física;RN;1;2024-02-21 19:37:48
2022;Deputado Estadual;Física - Monoplegia;Solteiro(a);55 a 59 anos;Feminino;Superior completo;PT;Suplente;Física;MA;1;2024-02-21 19:37:48
2022;Deputado Estadual;Física - Monoplegia;Solteiro(a);55 a 59 anos;Feminino;Superior completo;PT;Suplente;Física;SP;1;2024-02-21 19:37:48
2022;Deputado Estadual;Física - Não informado;Solteiro(a);50 a 54 anos;Feminino;Superior incompleto;REPUBLICANOS;Não eleito;Física;SC;1;2024-02-21 19:37:48
2022;Deputado Estadual;Física - Outros;Casado(a);30 a 34 anos;Feminino;Superior completo;AVANTE;Suplente;Física;GO;1;2024-02-21 19:37:48
2022;Deputado Estadual;Física - Outros;Casado(a);30 a 34 anos;Feminino;Superior completo;SOLIDARIEDADE;Suplente;Física;PI;1;2024-02-21 19:37:48
2022;Deputado Estadual;Física - Outros;Casado(a);35 a 39 anos;Feminino;Ensino Médio completo;DC;Não eleito;Física;SC;1;2024-02-21 19:37:48
2022;Deputado Estadual;Física - Outros;Casado(a);35 a 39 anos;Feminino;Ensino Médio completo;MDB;Suplente;Física;AL;1;2024-02-21 19:37:48
2022;Deputado Estadual;Física - Outros;Casado(a);35 a 39 anos;Feminino;Superior incompleto;PATRIOTA;Suplente;Física;MG;1;2024-02-21 19:37:48
2022;Deputado Estadual;Física - Outros;Casado(a);35 a 39 anos;Masculino;Ensino Médio completo;PL;Suplente;Física;RS;1;2024-02-21 19:37:48
2022;Deputado Estadual;Física - Outros;Casado(a);35 a 39 anos;Masculino;Ensino Médio completo;PT;Suplente;Física;MS;1;2024-02-21 19:37:48
2022;Deputado Estadual;Física - Outros;Casado(a);40 a 44 anos;Feminino;Superior completo;UNIÃO;Suplente;Física;AL;1;2024-02-21 19:37:48
2022;Deputado Estadual;Física - Outros;Casado(a);40 a 44 anos;Masculino;Superior completo;PL;Suplente;Física;AP;1;2024-02-21 19:37:48
2022;Deputado Estadual;Física - Outros;Casado(a);40 a 44 anos;Masculino;Superior incompleto;PT;Suplente;Física;SP;1;2024-02-21 19:37:48
2022;Deputado Estadual;Física - Outros;Casado(a);45 a 49 anos;Feminino;Ensino Médio completo;AVANTE;Não eleito;Física;RN;1;2024-02-21 19:37:48
2022;Deputado Estadual;Física - Outros;Casado(a);45 a 49 anos;Feminino;Superior completo;AVANTE;Não eleito;Física;SP;1;2024-02-21 19:37:48
2022;Deputado Estadual;Física - Outros;Casado(a);45 a 49 anos;Feminino;Superior completo;PMN;Não eleito;Física;SE;1;2024-02-21 19:37:48
2022;Deputado Estadual;Física - Outros;Casado(a);45 a 49 anos;Feminino;Superior completo;SOLIDARIEDADE;Não eleito;Física;MS;1;2024-02-21 19:37:48
2022;Deputado Estadual;Física - Outros;Casado(a);45 a 49 anos;Masculino;Ensino Fundamental incompleto;MDB;Suplente;Física;BA;1;2024-02-21 19:37:48
2022;Deputado Estadual;Física - Outros;Casado(a);45 a 49 anos;Masculino;Ensino Médio incompleto;AGIR;Suplente;Física;GO;1;2024-02-21 19:37:48
2022;Deputado Estadual;Física - Outros;Casado(a);45 a 49 anos;Masculino;Superior completo;PP;Suplente;Física;SP;1;2024-02-21 19:37:48
2022;Deputado Estadual;Física - Outros;Casado(a);45 a 49 anos;Masculino;Superior completo;PSB;Suplente;Física;GO;1;2024-02-21 19:37:48
2022;Deputado Estadual;Física - Outros;Casado(a);45 a 49 anos;Masculino;Superior completo;PSOL;Não eleito;Física;RN;1;2024-02-21 19:37:48
2022;Deputado Estadual;Física - Outros;Casado(a);45 a 49 anos;Masculino;Superior incompleto;PSC;Suplente;Física;SP;1;2024-02-21 19:37:48
2022;Deputado Estadual;Física - Outros;Casado(a);50 a 54 anos;Feminino;Superior completo;MDB;Suplente;Física;PR;1;2024-02-21 19:37:48
2022;Deputado Estadual;Física - Outros;Casado(a);50 a 54 anos;Feminino;Superior completo;PDT;Suplente;Física;SC;1;2024-02-21 19:37:48
2022;Deputado Estadual;Física - Outros;Casado(a);50 a 54 anos;Feminino;Superior completo;PSC;Não eleito;Física;AP;1;2024-02-21 19:37:48
2022;Deputado Estadual;Física - Outros;Casado(a);50 a 54 anos;Feminino;Superior completo;PSDB;#NULO#;Física;SP;1;2024-02-21 19:37:48
2022;Deputado Estadual;Física - Outros;Casado(a);50 a 54 anos;Feminino;Superior completo;PTB;Suplente;Física;SC;1;2024-02-21 19:37:48
2022;Deputado Estadual;Física - Outros;Casado(a);50 a 54 anos;Masculino;Ensino Médio completo;PTB;Suplente;Física;MT;1;2024-02-21 19:37:48
2022;Deputado Estadual;Física - Outros;Casado(a);50 a 54 anos;Masculino;Ensino Médio completo;SOLIDARIEDADE;Suplente;Física;RJ;1;2024-02-21 19:37:48
2022;Deputado Estadual;Física - Outros;Casado(a);50 a 54 anos;Masculino;Superior completo;AVANTE;Não eleito;Física;SP;1;2024-02-21 19:37:48
2022;Deputado Estadual;Física - Outros;Casado(a);50 a 54 anos;Masculino;Superior completo;NOVO;Suplente;Física;MG;1;2024-02-21 19:37:48
2022;Deputado Estadual;Física - Outros;Casado(a);50 a 54 anos;Masculino;Superior completo;PL;Suplente;Física;MT;1;2024-02-21 19:37:48
2022;Deputado Estadual;Física - Outros;Casado(a);50 a 54 anos;Masculino;Superior completo;PSC;Não eleito;Física;AP;1;2024-02-21 19:37:48
2022;Deputado Estadual;Física - Outros;Casado(a);50 a 54 anos;Masculino;Superior completo;UNIÃO;Suplente;Física;RR;1;2024-02-21 19:37:48
2022;Deputado Estadual;Física - Outros;Casado(a);55 a 59 anos;Feminino;Superior completo;PT;Suplente;Física;MS;1;2024-02-21 19:37:48
2022;Deputado Estadual;Física - Outros;Casado(a);55 a 59 anos;Feminino;Superior completo;REPUBLICANOS;Suplente;Física;MS;1;2024-02-21 19:37:48
2022;Deputado Estadual;Física - Outros;Casado(a);55 a 59 anos;Masculino;Ensino Médio completo;PROS;Suplente;Física;MG;1;2024-02-21 19:37:48
2022;Deputado Estadual;Física - Outros;Casado(a);55 a 59 anos;Masculino;Superior completo;AGIR;Suplente;Física;GO;1;2024-02-21 19:37:48
2022;Deputado Estadual;Física - Outros;Casado(a);55 a 59 anos;Masculino;Superior completo;PATRIOTA;#NULO#;Física;PI;1;2024-02-21 19:37:48
2022;Deputado Estadual;Física - Outros;Casado(a);55 a 59 anos;Masculino;Superior completo;PATRIOTA;Não eleito;Física;SP;1;2024-02-21 19:37:48
2022;Deputado Estadual;Física - Outros;Casado(a);55 a 59 anos;Masculino;Superior completo;PSD;Não eleito;Física;GO;1;2024-02-21 19:37:48
2022;Deputado Estadual;Física - Outros;Casado(a);60 a 64 anos;Feminino;Superior completo;MDB;Suplente;Física;MG;1;2024-02-21 19:37:48
2022;Deputado Estadual;Física - Outros;Casado(a);60 a 64 anos;Feminino;Superior completo;PT;Suplente;Física;PA;1;2024-02-21 19:37:48
2022;Deputado Estadual;Física - Outros;Casado(a);60 a 64 anos;Masculino;Ensino Médio completo;PP;Suplente;Física;ES;1;2024-02-21 19:37:48
2022;Deputado Estadual;Física - Outros;Casado(a);60 a 64 anos;Masculino;Ensino Médio completo;PSB;Suplente;Física;PR;1;2024-02-21 19:37:48
2022;Deputado Estadual;Física - Outros;Casado(a);60 a 64 anos;Masculino;Ensino Médio completo;PSC;Suplente;Física;SP;1;2024-02-21 19:37:48
2022;Deputado Estadual;Física - Outros;Casado(a);60 a 64 anos;Masculino;Ensino Médio incompleto;PP;Suplente;Física;GO;1;2024-02-21 19:37:48
2022;Deputado Estadual;Física - Outros;Casado(a);60 a 64 anos;Masculino;Superior completo;PATRIOTA;Suplente;Física;PE;1;2024-02-21 19:37:48
2022;Deputado Estadual;Física - Outros;Casado(a);60 a 64 anos;Masculino;Superior completo;PDT;Suplente;Física;SP;1;2024-02-21 19:37:48
2022;Deputado Estadual;Física - Outros;Casado(a);60 a 64 anos;Masculino;Superior completo;PL;Suplente;Física;PB;1;2024-02-21 19:37:48
2022;Deputado Estadual;Física - Outros;Casado(a);60 a 64 anos;Masculino;Superior completo;PP;Suplente;Física;RS;1;2024-02-21 19:37:48
2022;Deputado Estadual;Física - Outros;Casado(a);70 a 74 anos;Masculino;Ensino Fundamental completo;SOLIDARIEDADE;Não eleito;Física;MS;1;2024-02-21 19:37:48
2022;Deputado Estadual;Física - Outros;Casado(a);70 a 74 anos;Masculino;Superior completo;PRTB;Não eleito;Física;PR;1;2024-02-21 19:37:48
2022;Deputado Estadual;Física - Outros;Divorciado(a);25 a 29 anos;Masculino;Superior incompleto;PSB;Suplente;Física;GO;1;2024-02-21 19:37:48
2022;Deputado Estadual;Física - Outros;Divorciado(a);35 a 39 anos;Feminino;Ensino Médio completo;PMB;Não eleito;Física;SP;1;2024-02-21 19:37:48
2022;Deputado Estadual;Física - Outros;Divorciado(a);45 a 49 anos;Masculino;Superior completo;PMB;Não eleito;Física;RN;1;2024-02-21 19:37:48
2022;Deputado Estadual;Física - Outros;Divorciado(a);50 a 54 anos;Feminino;Ensino Fundamental completo;PSB;Suplente;Física;RJ;1;2024-02-21 19:37:48
2022;Deputado Estadual;Física - Outros;Divorciado(a);50 a 54 anos;Masculino;Superior completo;PMB;Não eleito;Física;SP;1;2024-02-21 19:37:48
2022;Deputado Estadual;Física - Outros;Divorciado(a);50 a 54 anos;Masculino;Superior completo;PODE;Suplente;Física;RJ;1;2024-02-21 19:37:48
2022;Deputado Estadual;Física - Outros;Divorciado(a);55 a 59 anos;Feminino;Ensino Fundamental completo;PSD;Suplente;Física;TO;1;2024-02-21 19:37:48
2022;Deputado Estadual;Física - Outros;Divorciado(a);55 a 59 anos;Feminino;Ensino Médio completo;PSB;Não eleito;Física;CE;1;2024-02-21 19:37:48
2022;Deputado Estadual;Física - Outros;Divorciado(a);55 a 59 anos;Masculino;Ensino Médio completo;PSB;Suplente;Física;RJ;1;2024-02-21 19:37:48
2022;Deputado Estadual;Física - Outros;Divorciado(a);55 a 59 anos;Masculino;Superior completo;SOLIDARIEDADE;Não eleito;Física;AC;1;2024-02-21 19:37:48
2022;Deputado Estadual;Física - Outros;Divorciado(a);65 a 69 anos;Feminino;Ensino Médio completo;PSB;#NULO#;Física;CE;1;2024-02-21 19:37:48
2022;Deputado Estadual;Física - Outros;Divorciado(a);65 a 69 anos;Feminino;Superior completo;NOVO;Suplente;Física;SP;1;2024-02-21 19:37:48
2022;Deputado Estadual;Física - Outros;Divorciado(a);65 a 69 anos;Masculino;Ensino Médio completo;REDE;Suplente;Física;SP;1;2024-02-21 19:37:48
2022;Deputado Estadual;Física - Outros;Separado(a) judicialmente;60 a 64 anos;Masculino;Superior completo;PDT;Suplente;Física;SP;1;2024-02-21 19:37:48
2022;Deputado Estadual;Física - Outros;Solteiro(a);25 a 29 anos;Feminino;Superior completo;PSB;Não eleito;Física;MS;1;2024-02-21 19:37:48
2022;Deputado Estadual;Física - Outros;Solteiro(a);25 a 29 anos;Masculino;Ensino Médio completo;PSDB;Não eleito;Física;RJ;1;2024-02-21 19:37:48
2022;Deputado Estadual;Física - Outros;Solteiro(a);25 a 29 anos;Masculino;Superior completo;SOLIDARIEDADE;Não eleito;Física;AM;1;2024-02-21 19:37:48
2022;Deputado Estadual;Física - Outros;Solteiro(a);25 a 29 anos;Masculino;Superior incompleto;PSC;Suplente;Física;BA;1;2024-02-21 19:37:48
2022;Deputado Estadual;Física - Outros;Solteiro(a);30 a 34 anos;Feminino;Superior incompleto;PL;Suplente;Física;RJ;1;2024-02-21 19:37:48
2022;Deputado Estadual;Física - Outros;Solteiro(a);30 a 34 anos;Masculino;Superior completo;MDB;Suplente;Física;AC;1;2024-02-21 19:37:48
2022;Deputado Estadual;Física - Outros;Solteiro(a);30 a 34 anos;Masculino;Superior completo;PODE;Suplente;Física;MG;1;2024-02-21 19:37:48
2022;Deputado Estadual;Física - Outros;Solteiro(a);35 a 39 anos;Feminino;Superior completo;MDB;#NULO#;Física;MT;1;2024-02-21 19:37:48
2022;Deputado Estadual;Física - Outros;Solteiro(a);35 a 39 anos;Feminino;Superior incompleto;PSB;Suplente;Física;SP;1;2024-02-21 19:37:48
2022;Deputado Estadual;Física - Outros;Solteiro(a);35 a 39 anos;Masculino;Ensino Médio completo;PSOL;Não eleito;Física;RN;1;2024-02-21 19:37:48
2022;Deputado Estadual;Física - Outros;Solteiro(a);35 a 39 anos;Masculino;Lê e escreve;AGIR;Não eleito;Física;BA;1;2024-02-21 19:37:48
2022;Deputado Estadual;Física - Outros;Solteiro(a);35 a 39 anos;Masculino;Superior completo;PODE;Suplente;Física;SC;1;2024-02-21 19:37:48
2022;Deputado Estadual;Física - Outros;Solteiro(a);35 a 39 anos;Masculino;Superior completo;PSD;Suplente;Física;RJ;1;2024-02-21 19:37:48
2022;Deputado Estadual;Física - Outros;Solteiro(a);35 a 39 anos;Masculino;Superior completo;PTB;Suplente;Física;PA;1;2024-02-21 19:37:48
2022;Deputado Estadual;Física - Outros;Solteiro(a);35 a 39 anos;Masculino;Superior incompleto;SOLIDARIEDADE;#NULO#;Física;RS;1;2024-02-21 19:37:48
2022;Deputado Estadual;Física - Outros;Solteiro(a);40 a 44 anos;Feminino;Superior completo;PRTB;Não eleito;Física;BA;1;2024-02-21 19:37:48
2022;Deputado Estadual;Física - Outros;Solteiro(a);40 a 44 anos;Feminino;Superior completo;PSB;Não eleito;Física;AP;1;2024-02-21 19:37:48
2022;Deputado Estadual;Física - Outros;Solteiro(a);40 a 44 anos;Feminino;Superior incompleto;UNIÃO;Suplente;Física;CE;1;2024-02-21 19:37:48
2022;Deputado Estadual;Física - Outros;Solteiro(a);40 a 44 anos;Masculino;Superior completo;MDB;#NULO#;Física;AP;1;2024-02-21 19:37:48
2022;Deputado Estadual;Física - Outros;Solteiro(a);40 a 44 anos;Masculino;Superior completo;PSOL;Não eleito;Física;RN;1;2024-02-21 19:37:48
2022;Deputado Estadual;Física - Outros;Solteiro(a);45 a 49 anos;Feminino;Ensino Médio completo;MDB;Suplente;Física;MA;1;2024-02-21 19:37:48
2022;Deputado Estadual;Física - Outros;Solteiro(a);45 a 49 anos;Masculino;Ensino Médio completo;PDT;Suplente;Física;SP;1;2024-02-21 19:37:48
2022;Deputado Estadual;Física - Outros;Solteiro(a);45 a 49 anos;Masculino;Superior incompleto;PMB;Não eleito;Física;SP;1;2024-02-21 19:37:48
2022;Deputado Estadual;Física - Outros;Solteiro(a);45 a 49 anos;Masculino;Superior incompleto;PT;Suplente;Física;SP;1;2024-02-21 19:37:48
2022;Deputado Estadual;Física - Outros;Solteiro(a);50 a 54 anos;Feminino;Ensino Médio completo;MDB;Não eleito;Física;BA;1;2024-02-21 19:37:48
2022;Deputado Estadual;Física - Outros;Solteiro(a);50 a 54 anos;Feminino;Superior completo;PSB;Suplente;Física;SP;1;2024-02-21 19:37:48
2022;Deputado Estadual;Física - Outros;Solteiro(a);50 a 54 anos;Masculino;Superior completo;PROS;Não eleito;Física;CE;1;2024-02-21 19:37:48
2022;Deputado Estadual;Física - Outros;Solteiro(a);50 a 54 anos;Masculino;Superior completo;PSB;Suplente;Física;MG;1;2024-02-21 19:37:48
2022;Deputado Estadual;Física - Outros;Solteiro(a);50 a 54 anos;Masculino;Superior completo;PSDB;Suplente;Física;PA;1;2024-02-21 19:37:48
2022;Deputado Estadual;Física - Outros;Solteiro(a);50 a 54 anos;Masculino;Superior completo;PSOL;Suplente;Física;PA;1;2024-02-21 19:37:48
2022;Deputado Estadual;Física - Outros;Solteiro(a);55 a 59 anos;Feminino;Ensino Médio completo;REPUBLICANOS;Suplente;Física;MG;1;2024-02-21 19:37:48
2022;Deputado Estadual;Física - Outros;Solteiro(a);55 a 59 anos;Feminino;Ensino Médio completo;REPUBLICANOS;Suplente;Física;RJ;1;2024-02-21 19:37:48
2022;Deputado Estadual;Física - Outros;Solteiro(a);55 a 59 anos;Feminino;Ensino Médio incompleto;PTB;Não eleito;Física;MG;1;2024-02-21 19:37:48
2022;Deputado Estadual;Física - Outros;Solteiro(a);55 a 59 anos;Feminino;Superior completo;PSOL;Suplente;Física;BA;1;2024-02-21 19:37:48
2022;Deputado Estadual;Física - Outros;Solteiro(a);55 a 59 anos;Masculino;Ensino Fundamental completo;PSB;#NULO#;Física;RS;1;2024-02-21 19:37:48
2022;Deputado Estadual;Física - Outros;Solteiro(a);55 a 59 anos;Masculino;Ensino Fundamental incompleto;REDE;Suplente;Física;SP;1;2024-02-21 19:37:48
2022;Deputado Estadual;Física - Outros;Solteiro(a);55 a 59 anos;Masculino;Ensino Médio completo;PL;Suplente;Física;RN;1;2024-02-21 19:37:48
2022;Deputado Estadual;Física - Outros;Solteiro(a);55 a 59 anos;Masculino;Ensino Médio incompleto;PRTB;Suplente;Física;MS;1;2024-02-21 19:37:48
2022;Deputado Estadual;Física - Outros;Solteiro(a);55 a 59 anos;Masculino;Superior completo;PROS;Não eleito;Física;MA;1;2024-02-21 19:37:48
2022;Deputado Estadual;Física - Outros;Solteiro(a);60 a 64 anos;Masculino;Ensino Médio incompleto;SOLIDARIEDADE;Suplente;Física;GO;1;2024-02-21 19:37:48
2022;Deputado Estadual;Física - Outros;Solteiro(a);60 a 64 anos;Masculino;Superior completo;PDT;Eleito por QP;Física;AC;1;2024-02-21 19:37:48
2022;Deputado Estadual;Física - Outros;Viúvo(a);60 a 64 anos;Feminino;Ensino Médio completo;PSDB;Suplente;Física;MS;1;2024-02-21 19:37:48
2022;Deputado Estadual;Física - Paraplegia;Casado(a);30 a 34 anos;Masculino;Superior incompleto;PTB;Suplente;Física;SC;1;2024-02-21 19:37:48
2022;Deputado Estadual;Física - Paraplegia;Casado(a);35 a 39 anos;Masculino;Superior incompleto;PTB;Não eleito;Física;BA;1;2024-02-21 19:37:48
2022;Deputado Estadual;Física - Paraplegia;Casado(a);45 a 49 anos;Masculino;Ensino Médio completo;DC;Não eleito;Física;ES;1;2024-02-21 19:37:48
2022;Deputado Estadual;Física - Paraplegia;Casado(a);45 a 49 anos;Masculino;Ensino Médio completo;PMN;Não eleito;Física;PR;1;2024-02-21 19:37:48
2022;Deputado Estadual;Física - Paraplegia;Casado(a);45 a 49 anos;Masculino;Superior completo;MDB;Suplente;Física;RN;1;2024-02-21 19:37:48
2022;Deputado Estadual;Física - Paraplegia;Casado(a);50 a 54 anos;Masculino;Ensino Médio completo;PTB;Suplente;Física;RJ;1;2024-02-21 19:37:48
2022;Deputado Estadual;Física - Paraplegia;Casado(a);50 a 54 anos;Masculino;Ensino Médio completo;REPUBLICANOS;Suplente;Física;PE;1;2024-02-21 19:37:48
2022;Deputado Estadual;Física - Paraplegia;Casado(a);50 a 54 anos;Masculino;Ensino Médio incompleto;DC;Não eleito;Física;AC;1;2024-02-21 19:37:48
2022;Deputado Estadual;Física - Paraplegia;Casado(a);55 a 59 anos;Feminino;Superior completo;PT;Eleito por QP;Física;PB;1;2024-02-21 19:37:48
2022;Deputado Estadual;Física - Paraplegia;Casado(a);55 a 59 anos;Masculino;Superior completo;PL;Suplente;Física;GO;1;2024-02-21 19:37:48
2022;Deputado Estadual;Física - Paraplegia;Casado(a);65 a 69 anos;Feminino;Superior completo;PSDB;Suplente;Física;SP;1;2024-02-21 19:37:48
2022;Deputado Estadual;Física - Paraplegia;Divorciado(a);25 a 29 anos;Feminino;Superior incompleto;PTB;Suplente;Física;RS;1;2024-02-21 19:37:48
2022;Deputado Estadual;Física - Paraplegia;Divorciado(a);45 a 49 anos;Feminino;Superior completo;PODE;Suplente;Física;MG;1;2024-02-21 19:37:48
2022;Deputado Estadual;Física - Paraplegia;Divorciado(a);50 a 54 anos;Masculino;Ensino Médio completo;SOLIDARIEDADE;Suplente;Física;RJ;1;2024-02-21 19:37:48
2022;Deputado Estadual;Física - Paraplegia;Divorciado(a);60 a 64 anos;Masculino;Ensino Fundamental completo;SOLIDARIEDADE;Suplente;Física;PR;1;2024-02-21 19:37:48
2022;Deputado Estadual;Física - Paraplegia;Não divulgável;Não divulgável;Não divulgável;Não divulgável;PROS;#NULO#;Física;MS;1;2024-02-21 19:38:30
2022;Deputado Estadual;Física - Paraplegia;Solteiro(a);21 a 24 anos;Feminino;Ensino Médio completo;PSB;Suplente;Física;PR;1;2024-02-21 19:37:48
2022;Deputado Estadual;Física - Paraplegia;Solteiro(a);25 a 29 anos;Feminino;Superior completo;PSB;Suplente;Física;SP;1;2024-02-21 19:37:48
2022;Deputado Estadual;Física - Paraplegia;Solteiro(a);25 a 29 anos;Masculino;Superior incompleto;PV;Suplente;Física;BA;1;2024-02-21 19:37:48
2022;Deputado Estadual;Física - Paraplegia;Solteiro(a);30 a 34 anos;Masculino;Superior completo;PSDB;Suplente;Física;PR;1;2024-02-21 19:37:48
2022;Deputado Estadual;Física - Paraplegia;Solteiro(a);35 a 39 anos;Feminino;Ensino Médio completo;PATRIOTA;Suplente;Física;MS;1;2024-02-21 19:37:48
2022;Deputado Estadual;Física - Paraplegia;Solteiro(a);35 a 39 anos;Masculino;Superior completo;UNIÃO;Suplente;Física;SP;1;2024-02-21 19:37:48
2022;Deputado Estadual;Física - Paraplegia;Solteiro(a);40 a 44 anos;Feminino;Superior completo;PSB;Suplente;Física;ES;1;2024-02-21 19:37:48
2022;Deputado Estadual;Física - Paraplegia;Solteiro(a);40 a 44 anos;Feminino;Superior completo;PSB;Suplente;Física;MA;1;2024-02-21 19:37:48
2022;Deputado Estadual;Física - Paraplegia;Solteiro(a);40 a 44 anos;Feminino;Superior completo;PT;Suplente;Física;GO;1;2024-02-21 19:37:48
2022;Deputado Estadual;Física - Paraplegia;Solteiro(a);40 a 44 anos;Masculino;Ensino Médio completo;PL;Suplente;Física;MG;1;2024-02-21 19:37:48
2022;Deputado Estadual;Física - Paraplegia;Solteiro(a);45 a 49 anos;Masculino;Ensino Médio completo;SOLIDARIEDADE;Não eleito;Física;RS;1;2024-02-21 19:37:48
2022;Deputado Estadual;Física - Paraplegia;Solteiro(a);50 a 54 anos;Feminino;Superior completo;AGIR;Não eleito;Física;RO;1;2024-02-21 19:37:48
2022;Deputado Estadual;Física - Paraplegia;Solteiro(a);55 a 59 anos;Feminino;Ensino Médio completo;REPUBLICANOS;Suplente;Física;RJ;1;2024-02-21 19:37:48
2022;Deputado Estadual;Física - Paraplegia;Solteiro(a);55 a 59 anos;Masculino;Ensino Fundamental incompleto;PV;Suplente;Física;CE;1;2024-02-21 19:37:48
2022;Deputado Estadual;Física - Paraplegia;Solteiro(a);55 a 59 anos;Masculino;Ensino Médio completo;SOLIDARIEDADE;Não eleito;Física;AC;1;2024-02-21 19:37:48
2022;Deputado Estadual;Física - Paraplegia;Solteiro(a);55 a 59 anos;Masculino;Ensino Médio incompleto;AVANTE;Não eleito;Física;RO;1;2024-02-21 19:37:48
2022;Deputado Estadual;Física - Paraplegia;Solteiro(a);55 a 59 anos;Masculino;Superior completo;MDB;Suplente;Física;PI;1;2024-02-21 19:37:48
2022;Deputado Estadual;Física - Paraplegia;Solteiro(a);55 a 59 anos;Masculino;Superior completo;PP;Suplente;Física;SC;1;2024-02-21 19:37:48
2022;Deputado Estadual;Física - Paraplegia;Solteiro(a);60 a 64 anos;Masculino;Ensino Médio incompleto;MDB;Suplente;Física;RO;1;2024-02-21 19:37:48
2022;Deputado Estadual;Física - Tetraplegia;Casado(a);35 a 39 anos;Masculino;Superior completo;UNIÃO;Suplente;Física;RN;1;2024-02-21 19:37:48
2022;Deputado Estadual;Física - Tetraplegia;Casado(a);45 a 49 anos;Feminino;Superior completo;PSB;Eleito por QP;Física;MA;1;2024-02-21 19:37:48
2022;Deputado Estadual;Física - Tetraplegia;Casado(a);50 a 54 anos;Masculino;Superior completo;PL;Suplente;Física;MS;1;2024-02-21 19:37:48
2022;Deputado Estadual;Física - Tetraplegia;Solteiro(a);40 a 44 anos;Masculino;Ensino Médio completo;PL;Suplente;Física;MA;1;2024-02-21 19:37:48
2022;Deputado Estadual;Física - Tetraplegia;Solteiro(a);55 a 59 anos;Feminino;Ensino Médio completo;PSDB;Suplente;Física;MG;1;2024-02-21 19:37:48
2022;Deputado Estadual;Outros;Casado(a);40 a 44 anos;Masculino;Superior completo;PL;Suplente;Outros;MT;1;2024-02-21 19:37:48
2022;Deputado Estadual;Outros;Casado(a);40 a 44 anos;Masculino;Superior completo;PSD;Suplente;Outros;RR;1;2024-02-21 19:37:48
2022;Deputado Estadual;Outros;Casado(a);45 a 49 anos;Feminino;Superior incompleto;PATRIOTA;Suplente;Outros;AM;1;2024-02-21 19:37:48
2022;Deputado Estadual;Outros;Casado(a);50 a 54 anos;Feminino;Superior completo;PSB;Suplente;Outros;RS;1;2024-02-21 19:37:48
2022;Deputado Estadual;Outros;Casado(a);55 a 59 anos;Masculino;Ensino Médio completo;PSB;Não eleito;Outros;SE;1;2024-02-21 19:37:48
2022;Deputado Estadual;Outros;Casado(a);55 a 59 anos;Masculino;Superior completo;PODE;Suplente;Outros;RJ;1;2024-02-21 19:37:48
2022;Deputado Estadual;Outros;Casado(a);60 a 64 anos;Masculino;Superior completo;PSDB;Suplente;Outros;AM;1;2024-02-21 19:37:48
2022;Deputado Estadual;Outros;Divorciado(a);25 a 29 anos;Masculino;Superior completo;PSD;Suplente;Outros;SC;1;2024-02-21 19:37:48
2022;Deputado Estadual;Outros;Divorciado(a);35 a 39 anos;Masculino;Superior completo;AVANTE;#NULO#;Outros;MG;1;2024-02-21 19:37:48
2022;Deputado Estadual;Outros;Divorciado(a);45 a 49 anos;Feminino;Superior completo;REPUBLICANOS;Suplente;Outros;SC;1;2024-02-21 19:37:48
2022;Deputado Estadual;Outros;Divorciado(a);45 a 49 anos;Masculino;Superior incompleto;MDB;Suplente;Outros;SP;1;2024-02-21 19:37:48
2022;Deputado Estadual;Outros;Divorciado(a);50 a 54 anos;Feminino;Ensino Médio completo;PL;Suplente;Outros;PB;1;2024-02-21 19:37:48
2022;Deputado Estadual;Outros;Solteiro(a);25 a 29 anos;Feminino;Superior completo;PP;Suplente;Outros;RS;1;2024-02-21 19:37:48
2022;Deputado Estadual;Outros;Solteiro(a);30 a 34 anos;Feminino;Superior completo;PMB;Não eleito;Outros;BA;1;2024-02-21 19:37:48
2022;Deputado Estadual;Outros;Solteiro(a);35 a 39 anos;Feminino;Superior completo;PSB;#NULO#;Outros;AL;1;2024-02-21 19:37:48
2022;Deputado Estadual;Outros;Solteiro(a);40 a 44 anos;Feminino;Ensino Fundamental completo;PSOL;Não eleito;Outros;GO;1;2024-02-21 19:37:48
2022;Deputado Estadual;Outros;Solteiro(a);40 a 44 anos;Feminino;Ensino Médio completo;PMB;Não eleito;Outros;RN;1;2024-02-21 19:37:48
2022;Deputado Estadual;Outros;Solteiro(a);40 a 44 anos;Feminino;Superior incompleto;PL;Suplente;Outros;PB;1;2024-02-21 19:37:48
2022;Deputado Estadual;Outros;Solteiro(a);40 a 44 anos;Masculino;Superior completo;PSOL;Não eleito;Outros;PR;1;2024-02-21 19:37:48
2022;Deputado Estadual;Outros;Solteiro(a);40 a 44 anos;Masculino;Superior incompleto;PATRIOTA;Não eleito;Outros;PR;1;2024-02-21 19:37:48
2022;Deputado Estadual;Outros;Solteiro(a);45 a 49 anos;Feminino;Superior completo;SOLIDARIEDADE;Suplente;Outros;SP;1;2024-02-21 19:37:48
2022;Deputado Estadual;Outros;Solteiro(a);45 a 49 anos;Masculino;Ensino Fundamental incompleto;PDT;Não eleito;Outros;RR;1;2024-02-21 19:37:48
2022;Deputado Estadual;Visual;Casado(a);30 a 34 anos;Feminino;Ensino Fundamental completo;PSDB;Suplente;Visual;MG;1;2024-02-21 19:37:48
2022;Deputado Estadual;Visual;Casado(a);30 a 34 anos;Masculino;Ensino Médio completo;PMN;Não eleito;Visual;MG;1;2024-02-21 19:37:48
2022;Deputado Estadual;Visual;Casado(a);35 a 39 anos;Feminino;Superior incompleto;PODE;Suplente;Visual;RO;1;2024-02-21 19:37:48
2022;Deputado Estadual;Visual;Casado(a);35 a 39 anos;Masculino;Superior incompleto;PMB;#NULO#;Visual;SP;1;2024-02-21 19:37:48
2022;Deputado Estadual;Visual;Casado(a);35 a 39 anos;Masculino;Superior incompleto;PMB;Não eleito;Visual;SP;1;2024-02-21 19:37:48
2022;Deputado Estadual;Visual;Casado(a);40 a 44 anos;Masculino;Ensino Médio completo;PSB;#NULO#;Visual;CE;1;2024-02-21 19:37:48
2022;Deputado Estadual;Visual;Casado(a);40 a 44 anos;Masculino;Superior completo;PMB;Não eleito;Visual;RN;1;2024-02-21 19:37:48
2022;Deputado Estadual;Visual;Casado(a);45 a 49 anos;Masculino;Superior completo;PSDB;Suplente;Visual;PB;1;2024-02-21 19:37:48
2022;Deputado Estadual;Visual;Casado(a);45 a 49 anos;Masculino;Superior completo;PTB;Não eleito;Visual;SP;1;2024-02-21 19:37:48
2022;Deputado Estadual;Visual;Casado(a);50 a 54 anos;Masculino;Ensino Fundamental completo;MDB;Suplente;Visual;RN;1;2024-02-21 19:37:48
2022;Deputado Estadual;Visual;Casado(a);50 a 54 anos;Masculino;Ensino Médio completo;MDB;#NULO#;Visual;RN;1;2024-02-21 19:37:48
2022;Deputado Estadual;Visual;Casado(a);50 a 54 anos;Masculino;Ensino Médio completo;PDT;Suplente;Visual;AP;1;2024-02-21 19:37:48
2022;Deputado Estadual;Visual;Casado(a);50 a 54 anos;Masculino;Ensino Médio completo;UNIÃO;Suplente;Visual;SP;1;2024-02-21 19:37:48
2022;Deputado Estadual;Visual;Casado(a);50 a 54 anos;Masculino;Superior completo;DC;Não eleito;Visual;PR;1;2024-02-21 19:37:48
2022;Deputado Estadual;Visual;Casado(a);55 a 59 anos;Masculino;Ensino Médio completo;PL;Suplente;Visual;RN;1;2024-02-21 19:37:48
2022;Deputado Estadual;Visual;Casado(a);55 a 59 anos;Masculino;Ensino Médio incompleto;PSB;Não eleito;Visual;CE;1;2024-02-21 19:37:48
2022;Deputado Estadual;Visual;Casado(a);55 a 59 anos;Masculino;Superior completo;AGIR;Suplente;Visual;GO;1;2024-02-21 19:37:48
2022;Deputado Estadual;Visual;Casado(a);55 a 59 anos;Masculino;Superior completo;CIDADANIA;Suplente;Visual;PR;1;2024-02-21 19:37:48
2022;Deputado Estadual;Visual;Casado(a);55 a 59 anos;Masculino;Superior completo;CIDADANIA;Suplente;Visual;TO;1;2024-02-21 19:37:48
2022;Deputado Estadual;Visual;Casado(a);65 a 69 anos;Masculino;Ensino Fundamental incompleto;PROS;Suplente;Visual;MG;1;2024-02-21 19:37:48
2022;Deputado Estadual;Visual;Casado(a);65 a 69 anos;Masculino;Ensino Médio completo;PDT;Suplente;Visual;SC;1;2024-02-21 19:37:48
2022;Deputado Estadual;Visual;Casado(a);65 a 69 anos;Masculino;Superior completo;PTB;Não eleito;Visual;PR;1;2024-02-21 19:37:48
2022;Deputado Estadual;Visual;Casado(a);65 a 69 anos;Masculino;Superior completo;UNIÃO;Não eleito;Visual;SP;1;2024-02-21 19:37:48
2022;Deputado Estadual;Visual;Casado(a);70 a 74 anos;Masculino;Ensino Médio completo;PMB;Não eleito;Visual;MG;1;2024-02-21 19:37:48
2022;Deputado Estadual;Visual;Casado(a);75 a 79 anos;Feminino;Ensino Médio completo;PSDB;Não eleito;Visual;MA;1;2024-02-21 19:37:48
2022;Deputado Estadual;Visual;Casado(a);75 a 79 anos;Masculino;Superior completo;PSD;Eleito por QP;Visual;SP;1;2024-02-21 19:37:48
2022;Deputado Estadual;Visual;Divorciado(a);25 a 29 anos;Feminino;Superior completo;AVANTE;Suplente;Visual;AM;1;2024-02-21 19:37:48
2022;Deputado Estadual;Visual;Divorciado(a);40 a 44 anos;Masculino;Superior completo;PSD;Suplente;Visual;RR;1;2024-02-21 19:37:48
2022;Deputado Estadual;Visual;Divorciado(a);45 a 49 anos;Masculino;Ensino Médio completo;PSD;Suplente;Visual;AP;1;2024-02-21 19:37:48
2022;Deputado Estadual;Visual;Divorciado(a);50 a 54 anos;Masculino;Ensino Fundamental incompleto;SOLIDARIEDADE;Não eleito;Visual;AM;1;2024-02-21 19:37:48
2022;Deputado Estadual;Visual;Divorciado(a);50 a 54 anos;Masculino;Superior completo;PSB;Suplente;Visual;BA;1;2024-02-21 19:37:48
2022;Deputado Estadual;Visual;Divorciado(a);55 a 59 anos;Masculino;Ensino Fundamental completo;REPUBLICANOS;Suplente;Visual;RS;1;2024-02-21 19:37:48
2022;Deputado Estadual;Visual;Divorciado(a);55 a 59 anos;Masculino;Ensino Médio completo;CIDADANIA;Suplente;Visual;SE;1;2024-02-21 19:37:48
2022;Deputado Estadual;Visual;Divorciado(a);60 a 64 anos;Masculino;Ensino Médio completo;PODE;Não eleito;Visual;CE;1;2024-02-21 19:37:48
2022;Deputado Estadual;Visual;Divorciado(a);60 a 64 anos;Masculino;Superior completo;PL;Suplente;Visual;RJ;1;2024-02-21 19:37:48
2022;Deputado Estadual;Visual;Divorciado(a);65 a 69 anos;Masculino;Superior completo;PODE;Suplente;Visual;SP;1;2024-02-21 19:37:48
2022;Deputado Estadual;Visual;Divorciado(a);70 a 74 anos;Masculino;Superior completo;REDE;Suplente;Visual;PE;1;2024-02-21 19:37:48
2022;Deputado Estadual;Visual;Separado(a) judicialmente;45 a 49 anos;Feminino;Superior completo;AVANTE;Não eleito;Visual;SP;1;2024-02-21 19:37:48
2022;Deputado Estadual;Visual;Solteiro(a);25 a 29 anos;Feminino;Superior incompleto;PSOL;#NULO#;Visual;PE;1;2024-02-21 19:37:48
2022;Deputado Estadual;Visual;Solteiro(a);25 a 29 anos;Masculino;Superior completo;PROS;Suplente;Visual;MG;1;2024-02-21 19:37:48
2022;Deputado Estadual;Visual;Solteiro(a);25 a 29 anos;Masculino;Superior completo;REPUBLICANOS;Suplente;Visual;PB;1;2024-02-21 19:37:48
2022;Deputado Estadual;Visual;Solteiro(a);30 a 34 anos;Masculino;Ensino Médio incompleto;PL;Suplente;Visual;GO;1;2024-02-21 19:37:48
2022;Deputado Estadual;Visual;Solteiro(a);30 a 34 anos;Masculino;Superior completo;PODE;Suplente;Visual;MG;1;2024-02-21 19:37:48
2022;Deputado Estadual;Visual;Solteiro(a);30 a 34 anos;Masculino;Superior incompleto;PSOL;Suplente;Visual;RJ;1;2024-02-21 19:37:48
2022;Deputado Estadual;Visual;Solteiro(a);35 a 39 anos;Masculino;Ensino Médio completo;DC;Suplente;Visual;MG;1;2024-02-21 19:37:48
2022;Deputado Estadual;Visual;Solteiro(a);40 a 44 anos;Feminino;Ensino Fundamental completo;UNIÃO;Suplente;Visual;BA;1;2024-02-21 19:37:48
2022;Deputado Estadual;Visual;Solteiro(a);40 a 44 anos;Feminino;Ensino Médio completo;PMB;Não eleito;Visual;SP;1;2024-02-21 19:37:48
2022;Deputado Estadual;Visual;Solteiro(a);40 a 44 anos;Masculino;Ensino Médio completo;SOLIDARIEDADE;Suplente;Visual;PR;1;2024-02-21 19:37:48
2022;Deputado Estadual;Visual;Solteiro(a);45 a 49 anos;Feminino;Superior completo;AVANTE;Não eleito;Visual;MS;1;2024-02-21 19:37:48
2022;Deputado Estadual;Visual;Solteiro(a);45 a 49 anos;Feminino;Superior incompleto;PRTB;Não eleito;Visual;ES;1;2024-02-21 19:37:48
2022;Deputado Estadual;Visual;Solteiro(a);45 a 49 anos;Masculino;Ensino Médio completo;CIDADANIA;Suplente;Visual;PR;1;2024-02-21 19:37:48
2022;Deputado Estadual;Visual;Solteiro(a);45 a 49 anos;Masculino;Ensino Médio completo;PDT;Suplente;Visual;MG;1;2024-02-21 19:37:48
2022;Deputado Estadual;Visual;Solteiro(a);45 a 49 anos;Masculino;Ensino Médio completo;PSB;Suplente;Visual;RJ;1;2024-02-21 19:37:48
2022;Deputado Estadual;Visual;Solteiro(a);45 a 49 anos;Masculino;Superior completo;DC;Suplente;Visual;MG;1;2024-02-21 19:37:48
2022;Deputado Estadual;Visual;Solteiro(a);45 a 49 anos;Masculino;Superior completo;PTB;Suplente;Visual;RS;1;2024-02-21 19:37:48
2022;Deputado Estadual;Visual;Solteiro(a);50 a 54 anos;Masculino;Lê e escreve;PSOL;Não eleito;Visual;GO;1;2024-02-21 19:37:48
2022;Deputado Estadual;Visual;Solteiro(a);50 a 54 anos;Masculino;Superior completo;PATRIOTA;Não eleito;Visual;SP;1;2024-02-21 19:37:48
2022;Deputado Estadual;Visual;Solteiro(a);50 a 54 anos;Masculino;Superior completo;UNIÃO;Suplente;Visual;SE;1;2024-02-21 19:37:48
2022;Deputado Estadual;Visual;Solteiro(a);50 a 54 anos;Masculino;Superior incompleto;SOLIDARIEDADE;Não eleito;Visual;RS;1;2024-02-21 19:37:48
2022;Deputado Estadual;Visual;Solteiro(a);55 a 59 anos;Feminino;Ensino Fundamental completo;PSB;#NULO#;Visual;CE;1;2024-02-21 19:37:48
2022;Deputado Estadual;Visual;Solteiro(a);55 a 59 anos;Masculino;Ensino Médio completo;PRTB;Não eleito;Visual;MA;1;2024-02-21 19:37:48
2022;Deputado Estadual;Visual;Solteiro(a);55 a 59 anos;Masculino;Superior incompleto;PDT;Suplente;Visual;SP;1;2024-02-21 19:37:48
2022;Deputado Estadual;Visual;Solteiro(a);60 a 64 anos;Feminino;Superior incompleto;PSB;Suplente;Visual;BA;1;2024-02-21 19:37:48
2022;Deputado Estadual;Visual;Solteiro(a);60 a 64 anos;Masculino;Superior completo;PSB;Não eleito;Visual;CE;1;2024-02-21 19:37:48
2022;Deputado Estadual;Visual;Solteiro(a);60 a 64 anos;Masculino;Superior incompleto;PTB;Não eleito;Visual;RR;1;2024-02-21 19:37:48
2022;Deputado Estadual;Visual;Solteiro(a);65 a 69 anos;Masculino;Ensino Médio incompleto;PL;Suplente;Visual;GO;1;2024-02-21 19:37:48
2022;Deputado Estadual;Visual;Solteiro(a);65 a 69 anos;Masculino;Superior completo;SOLIDARIEDADE;#NULO#;Visual;PE;1;2024-02-21 19:37:48
2022;Deputado Estadual;Visual;Viúvo(a);60 a 64 anos;Feminino;Superior completo;AGIR;Suplente;Visual;GO;1;2024-02-21 19:37:48
2022;Deputado Estadual;Visual;Viúvo(a);60 a 64 anos;Masculino;Superior completo;PT;Suplente;Visual;RS;1;2024-02-21 19:37:48
2022;Deputado Estadual;Visual;Viúvo(a);70 a 74 anos;Feminino;Ensino Médio completo;PSDB;Suplente;Visual;SP;1;2024-02-21 19:37:48
2022;Deputado Federal;Auditiva;Casado(a);35 a 39 anos;Feminino;Superior completo;PODE;Não eleito;Auditiva;RO;1;2024-02-21 19:37:48
2022;Deputado Federal;Auditiva;Casado(a);40 a 44 anos;Feminino;Superior completo;PSC;Suplente;Auditiva;SP;1;2024-02-21 19:37:48
2022;Deputado Federal;Auditiva;Casado(a);40 a 44 anos;Masculino;Ensino Médio completo;DC;Não eleito;Auditiva;PR;1;2024-02-21 19:37:48
2022;Deputado Federal;Auditiva;Casado(a);45 a 49 anos;Masculino;Superior incompleto;SOLIDARIEDADE;Suplente;Auditiva;SP;1;2024-02-21 19:37:48
2022;Deputado Federal;Auditiva;Casado(a);50 a 54 anos;Masculino;Ensino Médio completo;PL;Suplente;Auditiva;BA;1;2024-02-21 19:37:48
2022;Deputado Federal;Auditiva;Casado(a);50 a 54 anos;Masculino;Superior completo;PSB;Não eleito;Auditiva;AP;1;2024-02-21 19:37:48
2022;Deputado Federal;Auditiva;Casado(a);50 a 54 anos;Masculino;Superior incompleto;PDT;Não eleito;Auditiva;PE;1;2024-02-21 19:37:48
2022;Deputado Federal;Auditiva;Casado(a);60 a 64 anos;Masculino;Superior completo;PRTB;Não eleito;Auditiva;MS;1;2024-02-21 19:37:48
2022;Deputado Federal;Auditiva;Casado(a);65 a 69 anos;Masculino;Superior completo;PSOL;Suplente;Auditiva;MG;1;2024-02-21 19:37:48
2022;Deputado Federal;Auditiva;Casado(a);70 a 74 anos;Masculino;Superior incompleto;PSD;Suplente;Auditiva;PR;1;2024-02-21 19:37:48
2022;Deputado Federal;Auditiva;Divorciado(a);50 a 54 anos;Masculino;Superior completo;PODE;Suplente;Auditiva;SP;1;2024-02-21 19:37:48
2022;Deputado Federal;Auditiva;Divorciado(a);50 a 54 anos;Masculino;Superior completo;SOLIDARIEDADE;Não eleito;Auditiva;MA;1;2024-02-21 19:37:48
2022;Deputado Federal;Auditiva;Divorciado(a);60 a 64 anos;Masculino;Superior completo;PSOL;Não eleito;Auditiva;BA;1;2024-02-21 19:37:48
2022;Deputado Federal;Auditiva;Separado(a) judicialmente;60 a 64 anos;Masculino;Superior incompleto;PT;Suplente;Auditiva;CE;1;2024-02-21 19:37:48
2022;Deputado Federal;Auditiva;Solteiro(a);30 a 34 anos;Masculino;Superior incompleto;PT;Suplente;Auditiva;GO;1;2024-02-21 19:37:48
2022;Deputado Federal;Auditiva;Solteiro(a);35 a 39 anos;Feminino;Superior completo;REDE;Não eleito;Auditiva;AC;1;2024-02-21 19:37:48
2022;Deputado Federal;Auditiva;Solteiro(a);35 a 39 anos;Masculino;Superior completo;PSB;Suplente;Auditiva;RJ;1;2024-02-21 19:37:48
2022;Deputado Federal;Auditiva;Solteiro(a);40 a 44 anos;Masculino;Superior completo;PL;Eleito por QP;Auditiva;BA;1;2024-02-21 19:37:48
2022;Deputado Federal;Auditiva;Solteiro(a);55 a 59 anos;Feminino;Superior completo;PODE;Não eleito;Auditiva;SC;1;2024-02-21 19:37:48
2022;Deputado Federal;Auditiva;Viúvo(a);70 a 74 anos;Masculino;Superior completo;PODE;Não eleito;Auditiva;DF;1;2024-02-21 19:37:48
2022;Deputado Federal;Autismo;Divorciado(a);50 a 54 anos;Feminino;Superior completo;REPUBLICANOS;Suplente;Autismo;MG;1;2024-02-21 19:37:48
2022;Deputado Federal;Autismo;Solteiro(a);35 a 39 anos;Feminino;Ensino Médio completo;PSOL;Não eleito;Autismo;CE;1;2024-02-21 19:37:48
2022;Deputado Federal;Autismo;Solteiro(a);40 a 44 anos;Feminino;Superior completo;PT;Suplente;Autismo;GO;1;2024-02-21 19:37:48
2022;Deputado Federal;Autismo;Solteiro(a);40 a 44 anos;Masculino;Ensino Médio completo;PSC;Não eleito;Autismo;RJ;1;2024-02-21 19:37:48
2022;Deputado Federal;Autismo;Solteiro(a);40 a 44 anos;Masculino;Superior completo;PDT;Não eleito;Autismo;PR;1;2024-02-21 19:37:48
2022;Deputado Federal;Física - Monoplegia;Casado(a);45 a 49 anos;Feminino;Superior completo;PSD;Suplente;Física;RJ;1;2024-02-21 19:37:48
2022;Deputado Federal;Física - Monoplegia;Casado(a);50 a 54 anos;Feminino;Ensino Médio completo;PODE;Suplente;Física;SP;1;2024-02-21 19:37:48
2022;Deputado Federal;Física - Monoplegia;Solteiro(a);21 a 24 anos;Masculino;Ensino Fundamental incompleto;MDB;Suplente;Física;PA;1;2024-02-21 19:37:48
2022;Deputado Federal;Física - Monoplegia;Solteiro(a);40 a 44 anos;Feminino;Superior incompleto;PT;Suplente;Física;SP;1;2024-02-21 19:37:48
2022;Deputado Federal;Física - Monoplegia;Solteiro(a);40 a 44 anos;Masculino;Ensino Médio incompleto;PSB;Suplente;Física;PB;1;2024-02-21 19:37:48
2022;Deputado Federal;Física - Monoplegia;Solteiro(a);55 a 59 anos;Masculino;Superior completo;PP;Suplente;Física;SP;1;2024-02-21 19:37:48
2022;Deputado Federal;Física - Outros;Casado(a);35 a 39 anos;Masculino;Superior completo;NOVO;Não eleito;Física;GO;1;2024-02-21 19:37:48
2022;Deputado Federal;Física - Outros;Casado(a);35 a 39 anos;Masculino;Superior completo;SOLIDARIEDADE;Não eleito;Física;GO;1;2024-02-21 19:37:48
2022;Deputado Federal;Física - Outros;Casado(a);40 a 44 anos;Masculino;Superior completo;PP;Suplente;Física;PR;1;2024-02-21 19:37:48
2022;Deputado Federal;Física - Outros;Casado(a);45 a 49 anos;Feminino;Ensino Médio completo;PODE;Suplente;Física;MG;1;2024-02-21 19:37:48
2022;Deputado Federal;Física - Outros;Casado(a);45 a 49 anos;Feminino;Ensino Médio completo;PP;Suplente;Física;SP;1;2024-02-21 19:37:48
2022;Deputado Federal;Física - Outros;Casado(a);45 a 49 anos;Feminino;Superior completo;UNIÃO;Suplente;Física;PR;1;2024-02-21 19:37:48
2022;Deputado Federal;Física - Outros;Casado(a);45 a 49 anos;Masculino;Ensino Médio incompleto;PODE;Suplente;Física;BA;1;2024-02-21 19:37:48
2022;Deputado Federal;Física - Outros;Casado(a);50 a 54 anos;Feminino;Superior completo;AVANTE;Não eleito;Física;SP;1;2024-02-21 19:37:48
2022;Deputado Federal;Física - Outros;Casado(a);50 a 54 anos;Masculino;Ensino Fundamental completo;PODE;Suplente;Física;MG;1;2024-02-21 19:37:48
2022;Deputado Federal;Física - Outros;Casado(a);50 a 54 anos;Masculino;Ensino Fundamental incompleto;PROS;Não eleito;Física;DF;1;2024-02-21 19:37:48
2022;Deputado Federal;Física - Outros;Casado(a);50 a 54 anos;Masculino;Ensino Médio completo;PL;Suplente;Física;BA;1;2024-02-21 19:37:48
2022;Deputado Federal;Física - Outros;Casado(a);50 a 54 anos;Masculino;Ensino Médio completo;PSB;Não eleito;Física;AL;1;2024-02-21 19:37:48
2022;Deputado Federal;Física - Outros;Casado(a);50 a 54 anos;Masculino;Superior completo;PATRIOTA;#NULO#;Física;PE;1;2024-02-21 19:37:48
2022;Deputado Federal;Física - Outros;Casado(a);50 a 54 anos;Masculino;Superior completo;PTB;Não eleito;Física;ES;1;2024-02-21 19:37:48
2022;Deputado Federal;Física - Outros;Casado(a);50 a 54 anos;Masculino;Superior completo;REPUBLICANOS;Não eleito;Física;SC;1;2024-02-21 19:37:48
2022;Deputado Federal;Física - Outros;Casado(a);55 a 59 anos;Feminino;Superior completo;PATRIOTA;Não eleito;Física;PR;1;2024-02-21 19:37:48
2022;Deputado Federal;Física - Outros;Casado(a);55 a 59 anos;Masculino;Ensino Médio completo;PSDB;Suplente;Física;MG;1;2024-02-21 19:37:48
2022;Deputado Federal;Física - Outros;Casado(a);55 a 59 anos;Masculino;Superior completo;AVANTE;Não eleito;Física;SP;1;2024-02-21 19:37:48
2022;Deputado Federal;Física - Outros;Casado(a);55 a 59 anos;Masculino;Superior completo;PSB;Suplente;Física;RJ;1;2024-02-21 19:37:48
2022;Deputado Federal;Física - Outros;Casado(a);55 a 59 anos;Masculino;Superior completo;PSDB;Não eleito;Física;AL;1;2024-02-21 19:37:48
2022;Deputado Federal;Física - Outros;Casado(a);55 a 59 anos;Masculino;Superior completo;PT;Suplente;Física;PB;1;2024-02-21 19:37:48
2022;Deputado Federal;Física - Outros;Casado(a);55 a 59 anos;Masculino;Superior completo;PTB;Não eleito;Física;CE;1;2024-02-21 19:37:48
2022;Deputado Federal;Física - Outros;Casado(a);55 a 59 anos;Masculino;Superior incompleto;PMB;Não eleito;Física;SP;1;2024-02-21 19:37:48
2022;Deputado Federal;Física - Outros;Casado(a);60 a 64 anos;Feminino;Ensino Médio completo;PMN;Não eleito;Física;CE;1;2024-02-21 19:37:48
2022;Deputado Federal;Física - Outros;Casado(a);60 a 64 anos;Masculino;Superior completo;PATRIOTA;Não eleito;Física;RS;1;2024-02-21 19:37:48
2022;Deputado Federal;Física - Outros;Casado(a);70 a 74 anos;Feminino;Superior completo;PT;Suplente;Física;SP;1;2024-02-21 19:37:48
2022;Deputado Federal;Física - Outros;Casado(a);70 a 74 anos;Masculino;Ensino Médio completo;PP;Não eleito;Física;BA;1;2024-02-21 19:37:48
2022;Deputado Federal;Física - Outros;Divorciado(a);45 a 49 anos;Feminino;Ensino Médio completo;UNIÃO;Suplente;Física;RS;1;2024-02-21 19:37:48
2022;Deputado Federal;Física - Outros;Divorciado(a);45 a 49 anos;Feminino;Superior completo;PL;Suplente;Física;GO;1;2024-02-21 19:37:48
2022;Deputado Federal;Física - Outros;Divorciado(a);45 a 49 anos;Masculino;Superior incompleto;PSOL;Não eleito;Física;CE;1;2024-02-21 19:37:48
2022;Deputado Federal;Física - Outros;Divorciado(a);60 a 64 anos;Feminino;Superior completo;CIDADANIA;Suplente;Física;SP;1;2024-02-21 19:37:48
2022;Deputado Federal;Física - Outros;Divorciado(a);60 a 64 anos;Feminino;Superior completo;PODE;Suplente;Física;SP;1;2024-02-21 19:37:48
2022;Deputado Federal;Física - Outros;Divorciado(a);60 a 64 anos;Masculino;Superior completo;SOLIDARIEDADE;Suplente;Física;SP;1;2024-02-21 19:37:48
2022;Deputado Federal;Física - Outros;Divorciado(a);65 a 69 anos;Masculino;Ensino Médio completo;REDE;Não eleito;Física;BA;1;2024-02-21 19:37:48
2022;Deputado Federal;Física - Outros;Divorciado(a);70 a 74 anos;Masculino;Superior completo;MDB;Não eleito;Física;AC;1;2024-02-21 19:37:48
2022;Deputado Federal;Física - Outros;Separado(a) judicialmente;50 a 54 anos;Masculino;Superior completo;PSOL;Suplente;Física;RJ;1;2024-02-21 19:37:48
2022;Deputado Federal;Física - Outros;Separado(a) judicialmente;65 a 69 anos;Masculino;Ensino Médio completo;PMN;#NULO#;Física;SE;1;2024-02-21 19:37:48
2022;Deputado Federal;Física - Outros;Solteiro(a);25 a 29 anos;Masculino;Superior incompleto;MDB;Suplente;Física;RS;1;2024-02-21 19:37:48
2022;Deputado Federal;Física - Outros;Solteiro(a);30 a 34 anos;Masculino;Ensino Médio completo;PV;Não eleito;Física;RR;1;2024-02-21 19:37:48
2022;Deputado Federal;Física - Outros;Solteiro(a);35 a 39 anos;Feminino;Ensino Médio completo;PTB;Não eleito;Física;SP;1;2024-02-21 19:37:48
2022;Deputado Federal;Física - Outros;Solteiro(a);35 a 39 anos;Masculino;Superior completo;PDT;Não eleito;Física;SC;1;2024-02-21 19:37:48
2022;Deputado Federal;Física - Outros;Solteiro(a);40 a 44 anos;Masculino;Ensino Fundamental incompleto;PL;Suplente;Física;MA;1;2024-02-21 19:37:48
2022;Deputado Federal;Física - Outros;Solteiro(a);40 a 44 anos;Masculino;Ensino Médio completo;PRTB;Não eleito;Física;BA;1;2024-02-21 19:37:48
2022;Deputado Federal;Física - Outros;Solteiro(a);45 a 49 anos;Feminino;Ensino Médio completo;PSOL;Não eleito;Física;TO;1;2024-02-21 19:37:48
2022;Deputado Federal;Física - Outros;Solteiro(a);45 a 49 anos;Feminino;Superior completo;PSC;Não eleito;Física;DF;1;2024-02-21 19:37:48
2022;Deputado Federal;Física - Outros;Solteiro(a);45 a 49 anos;Feminino;Superior completo;UNIÃO;Não eleito;Física;ES;1;2024-02-21 19:37:48
2022;Deputado Federal;Física - Outros;Solteiro(a);45 a 49 anos;Masculino;Ensino Fundamental completo;DC;Não eleito;Física;RS;1;2024-02-21 19:37:48
2022;Deputado Federal;Física - Outros;Solteiro(a);45 a 49 anos;Masculino;Ensino Médio completo;DC;Não eleito;Física;RN;1;2024-02-21 19:37:48
2022;Deputado Federal;Física - Outros;Solteiro(a);45 a 49 anos;Masculino;Superior completo;PODE;Suplente;Física;SP;1;2024-02-21 19:37:48
2022;Deputado Federal;Física - Outros;Solteiro(a);45 a 49 anos;Masculino;Superior incompleto;PDT;Não eleito;Física;RR;1;2024-02-21 19:37:48
2022;Deputado Federal;Física - Outros;Solteiro(a);50 a 54 anos;Feminino;Superior completo;MDB;Suplente;Física;BA;1;2024-02-21 19:37:48
2022;Deputado Federal;Física - Outros;Solteiro(a);50 a 54 anos;Feminino;Superior completo;PSOL;Não eleito;Física;PA;1;2024-02-21 19:37:48
2022;Deputado Federal;Física - Outros;Solteiro(a);50 a 54 anos;Masculino;Ensino Fundamental incompleto;PDT;Não eleito;Física;RO;1;2024-02-21 19:37:48
2022;Deputado Federal;Física - Outros;Solteiro(a);55 a 59 anos;Feminino;Superior completo;PROS;Não eleito;Física;ES;1;2024-02-21 19:37:48
2022;Deputado Federal;Física - Outros;Solteiro(a);55 a 59 anos;Masculino;Ensino Médio completo;PROS;Não eleito;Física;MA;1;2024-02-21 19:37:48
2022;Deputado Federal;Física - Outros;Solteiro(a);55 a 59 anos;Masculino;Superior completo;UNIÃO;Suplente;Física;BA;1;2024-02-21 19:37:48
2022;Deputado Federal;Física - Outros;Solteiro(a);60 a 64 anos;Feminino;Ensino Médio completo;AGIR;Não eleito;Física;AC;1;2024-02-21 19:37:48
2022;Deputado Federal;Física - Outros;Solteiro(a);60 a 64 anos;Feminino;Superior completo;PSOL;Não eleito;Física;PA;1;2024-02-21 19:37:48
2022;Deputado Federal;Física - Outros;Solteiro(a);60 a 64 anos;Masculino;Ensino Médio completo;PT;Suplente;Física;BA;1;2024-02-21 19:37:48
2022;Deputado Federal;Física - Outros;Solteiro(a);65 a 69 anos;Masculino;Ensino Médio completo;AGIR;Não eleito;Física;BA;1;2024-02-21 19:37:48
2022;Deputado Federal;Física - Outros;Solteiro(a);65 a 69 anos;Masculino;Superior completo;PP;Suplente;Física;PB;1;2024-02-21 19:37:48
2022;Deputado Federal;Física - Outros;Solteiro(a);65 a 69 anos;Masculino;Superior completo;PTB;Não eleito;Física;SP;1;2024-02-21 19:37:48
2022;Deputado Federal;Física - Outros;Viúvo(a);45 a 49 anos;Feminino;Superior completo;PODE;Não eleito;Física;PI;1;2024-02-21 19:37:48
2022;Deputado Federal;Física - Outros;Viúvo(a);70 a 74 anos;Masculino;Superior completo;PODE;Não eleito;Física;DF;1;2024-02-21 19:37:48
2022;Deputado Federal;Física - Paraplegia;Casado(a);30 a 34 anos;Masculino;Ensino Fundamental completo;SOLIDARIEDADE;Não eleito;Física;RS;1;2024-02-21 19:37:48
2022;Deputado Federal;Física - Paraplegia;Casado(a);35 a 39 anos;Feminino;Superior incompleto;PSC;Não eleito;Física;CE;1;2024-02-21 19:37:48
2022;Deputado Federal;Física - Paraplegia;Casado(a);45 a 49 anos;Masculino;Superior completo;PATRIOTA;Não eleito;Física;SP;1;2024-02-21 19:37:48
2022;Deputado Federal;Física - Paraplegia;Casado(a);50 a 54 anos;Feminino;Ensino Médio completo;PT;Suplente;Física;BA;1;2024-02-21 19:37:48
2022;Deputado Federal;Física - Paraplegia;Casado(a);55 a 59 anos;Masculino;Ensino Fundamental completo;PSOL;Suplente;Física;SP;1;2024-02-21 19:37:48
2022;Deputado Federal;Física - Paraplegia;Casado(a);60 a 64 anos;Masculino;Ensino Médio completo;PL;Não eleito;Física;MG;1;2024-02-21 19:37:48
2022;Deputado Federal;Física - Paraplegia;Casado(a);65 a 69 anos;Masculino;Ensino Médio completo;UNIÃO;Suplente;Física;MA;1;2024-02-21 19:37:48
2022;Deputado Federal;Física - Paraplegia;Divorciado(a);50 a 54 anos;Masculino;Ensino Médio completo;PSDB;Suplente;Física;MG;1;2024-02-21 19:37:48
2022;Deputado Federal;Física - Paraplegia;Divorciado(a);65 a 69 anos;Masculino;Superior completo;PODE;Suplente;Física;MG;1;2024-02-21 19:37:48
2022;Deputado Federal;Física - Paraplegia;Divorciado(a);75 a 79 anos;Feminino;Ensino Médio completo;PDT;Não eleito;Física;SP;1;2024-02-21 19:37:48
2022;Deputado Federal;Física - Paraplegia;Solteiro(a);30 a 34 anos;Masculino;Ensino Médio completo;PSC;#NULO#;Física;AC;1;2024-02-21 19:37:48
2022;Deputado Federal;Física - Paraplegia;Solteiro(a);40 a 44 anos;Feminino;Ensino Médio completo;MDB;Suplente;Física;PE;1;2024-02-21 19:37:48
2022;Deputado Federal;Física - Paraplegia;Solteiro(a);40 a 44 anos;Masculino;Ensino Médio completo;PMN;Não eleito;Física;PE;1;2024-02-21 19:37:48
2022;Deputado Federal;Física - Paraplegia;Solteiro(a);40 a 44 anos;Masculino;Ensino Médio completo;REDE;Suplente;Física;MG;1;2024-02-21 19:37:48
2022;Deputado Federal;Física - Paraplegia;Solteiro(a);40 a 44 anos;Masculino;Superior completo;PSB;Não eleito;Física;DF;1;2024-02-21 19:37:48
2022;Deputado Federal;Física - Paraplegia;Solteiro(a);55 a 59 anos;Masculino;Ensino Médio completo;PTB;Não eleito;Física;PR;1;2024-02-21 19:37:48
2022;Deputado Federal;Física - Paraplegia;Solteiro(a);60 a 64 anos;Masculino;Ensino Médio completo;PSC;Não eleito;Física;AP;1;2024-02-21 19:37:48
2022;Deputado Federal;Física - Paraplegia;Solteiro(a);65 a 69 anos;Feminino;Superior completo;PROS;Não eleito;Física;SP;1;2024-02-21 19:37:48
2022;Deputado Federal;Física - Tetraplegia;Casado(a);45 a 49 anos;Masculino;Superior completo;NOVO;Não eleito;Física;MG;1;2024-02-21 19:37:48
2022;Deputado Federal;Física - Tetraplegia;Solteiro(a);30 a 34 anos;Feminino;Ensino Médio completo;PTB;#NULO#;Física;BA;1;2024-02-21 19:37:48
2022;Deputado Federal;Física - Tetraplegia;Solteiro(a);35 a 39 anos;Feminino;Superior completo;PT;Suplente;Física;RJ;1;2024-02-21 19:37:48
2022;Deputado Federal;Física - Tetraplegia;Solteiro(a);40 a 44 anos;Feminino;Superior completo;PSB;Suplente;Física;SP;1;2024-02-21 19:37:48
2022;Deputado Federal;Física - Tetraplegia;Solteiro(a);45 a 49 anos;Masculino;Superior completo;PSB;Suplente;Física;SP;1;2024-02-21 19:37:48
2022;Deputado Federal;Física - Tetraplegia;Solteiro(a);60 a 64 anos;Feminino;Ensino Fundamental completo;PT;#NULO#;Física;PR;1;2024-02-21 19:37:48
2022;Deputado Federal;Outros;Casado(a);40 a 44 anos;Feminino;Superior completo;PT;Suplente;Outros;RS;1;2024-02-21 19:37:48
2022;Deputado Federal;Outros;Casado(a);40 a 44 anos;Masculino;Superior completo;PSOL;Suplente;Outros;RJ;1;2024-02-21 19:37:48
2022;Deputado Federal;Outros;Casado(a);45 a 49 anos;Masculino;Superior incompleto;SOLIDARIEDADE;Suplente;Outros;SP;1;2024-02-21 19:37:48
2022;Deputado Federal;Outros;Casado(a);55 a 59 anos;Feminino;Superior completo;PATRIOTA;Não eleito;Outros;PR;1;2024-02-21 19:37:48
2022;Deputado Federal;Outros;Casado(a);55 a 59 anos;Masculino;Superior completo;PSD;Não eleito;Outros;AM;1;2024-02-21 19:37:48
2022;Deputado Federal;Outros;Casado(a);60 a 64 anos;Feminino;Superior completo;DC;Não eleito;Outros;PR;1;2024-02-21 19:37:48
2022;Deputado Federal;Outros;Casado(a);70 a 74 anos;Masculino;Superior completo;PSDB;Não eleito;Outros;RJ;1;2024-02-21 19:37:48
2022;Deputado Federal;Outros;Solteiro(a);25 a 29 anos;Masculino;Superior incompleto;PSC;Suplente;Outros;PB;1;2024-02-21 19:37:48
2022;Deputado Federal;Outros;Solteiro(a);35 a 39 anos;Feminino;Superior completo;PSB;Não eleito;Outros;AL;1;2024-02-21 19:37:48
2022;Deputado Federal;Outros;Solteiro(a);35 a 39 anos;Masculino;Superior incompleto;PSOL;Não eleito;Outros;CE;1;2024-02-21 19:37:48
2022;Deputado Federal;Outros;Solteiro(a);55 a 59 anos;Feminino;Superior completo;PSOL;Suplente;Outros;RJ;1;2024-02-21 19:37:48
2022;Deputado Federal;Outros;Solteiro(a);60 a 64 anos;Feminino;Superior completo;PDT;Não eleito;Outros;AL;1;2024-02-21 19:37:48
2022;Deputado Federal;Visual;Casado(a);30 a 34 anos;Feminino;Superior completo;CIDADANIA;Não eleito;Visual;DF;1;2024-02-21 19:37:48
2022;Deputado Federal;Visual;Casado(a);35 a 39 anos;Feminino;Superior completo;PL;Eleito por média;Visual;MT;1;2024-02-21 19:37:48
2022;Deputado Federal;Visual;Casado(a);35 a 39 anos;Masculino;Superior completo;PODE;Não eleito;Visual;MT;1;2024-02-21 19:37:48
2022;Deputado Federal;Visual;Casado(a);40 a 44 anos;Feminino;Superior completo;REDE;Não eleito;Visual;CE;1;2024-02-21 19:37:48
2022;Deputado Federal;Visual;Casado(a);40 a 44 anos;Masculino;Ensino Médio completo;AGIR;Não eleito;Visual;GO;1;2024-02-21 19:37:48
2022;Deputado Federal;Visual;Casado(a);40 a 44 anos;Masculino;Superior completo;PSC;Não eleito;Visual;SC;1;2024-02-21 19:37:48
2022;Deputado Federal;Visual;Casado(a);45 a 49 anos;Masculino;Ensino Médio completo;PSC;Não eleito;Visual;AM;1;2024-02-21 19:37:48
2022;Deputado Federal;Visual;Casado(a);50 a 54 anos;Feminino;Ensino Médio completo;PL;Suplente;Visual;SP;1;2024-02-21 19:37:48
2022;Deputado Federal;Visual;Casado(a);50 a 54 anos;Feminino;Superior completo;PSDB;Suplente;Visual;SP;1;2024-02-21 19:37:48
2022;Deputado Federal;Visual;Casado(a);50 a 54 anos;Masculino;Superior completo;PT;Suplente;Visual;SC;1;2024-02-21 19:37:48
2022;Deputado Federal;Visual;Casado(a);50 a 54 anos;Masculino;Superior incompleto;PTB;Não eleito;Visual;SP;1;2024-02-21 19:37:48
2022;Deputado Federal;Visual;Casado(a);55 a 59 anos;Masculino;Superior completo;PT;Suplente;Visual;PI;1;2024-02-21 19:37:48
2022;Deputado Federal;Visual;Casado(a);55 a 59 anos;Masculino;Superior completo;PTB;Não eleito;Visual;RS;1;2024-02-21 19:37:48
2022;Deputado Federal;Visual;Casado(a);55 a 59 anos;Masculino;Superior completo;SOLIDARIEDADE;Suplente;Visual;PE;1;2024-02-21 19:37:48
2022;Deputado Federal;Visual;Casado(a);60 a 64 anos;Masculino;Ensino Médio completo;UNIÃO;Suplente;Visual;MG;1;2024-02-21 19:37:48
2022;Deputado Federal;Visual;Casado(a);60 a 64 anos;Masculino;Superior completo;PT;Suplente;Visual;MG;1;2024-02-21 19:37:48
2022;Deputado Federal;Visual;Casado(a);65 a 69 anos;Masculino;Superior completo;CIDADANIA;Não eleito;Visual;DF;1;2024-02-21 19:37:48
2022;Deputado Federal;Visual;Casado(a);65 a 69 anos;Masculino;Superior completo;UNIÃO;Suplente;Visual;SP;1;2024-02-21 19:37:48
2022;Deputado Federal;Visual;Casado(a);90 a 94 anos;Masculino;Lê e escreve;PSC;Suplente;Visual;MG;1;2024-02-21 19:37:48
2022;Deputado Federal;Visual;Divorciado(a);50 a 54 anos;Masculino;Superior completo;PDT;Não eleito;Visual;PR;1;2024-02-21 19:37:48
2022;Deputado Federal;Visual;Divorciado(a);55 a 59 anos;Masculino;Superior completo;PSC;Não eleito;Visual;PR;1;2024-02-21 19:37:48
2022;Deputado Federal;Visual;Divorciado(a);60 a 64 anos;Feminino;Superior completo;PL;Suplente;Visual;MG;1;2024-02-21 19:37:48
2022;Deputado Federal;Visual;Solteiro(a);30 a 34 anos;Masculino;Superior completo;UNIÃO;Não eleito;Visual;ES;1;2024-02-21 19:37:48
2022;Deputado Federal;Visual;Solteiro(a);35 a 39 anos;Feminino;Ensino Médio completo;REDE;Não eleito;Visual;BA;1;2024-02-21 19:37:48
2022;Deputado Federal;Visual;Solteiro(a);40 a 44 anos;Feminino;Ensino Médio completo;PMN;Não eleito;Visual;RJ;1;2024-02-21 19:37:48
2022;Deputado Federal;Visual;Solteiro(a);45 a 49 anos;Feminino;Ensino Médio completo;PODE;Suplente;Visual;RJ;1;2024-02-21 19:37:48
2022;Deputado Federal;Visual;Solteiro(a);45 a 49 anos;Feminino;Ensino Médio completo;REPUBLICANOS;Suplente;Visual;MG;1;2024-02-21 19:37:48
2022;Deputado Federal;Visual;Solteiro(a);45 a 49 anos;Feminino;Superior completo;PT;Suplente;Visual;BA;1;2024-02-21 19:37:48
2022;Deputado Federal;Visual;Solteiro(a);45 a 49 anos;Masculino;Ensino Fundamental incompleto;PROS;Não eleito;Visual;CE;1;2024-02-21 19:37:48
2022;Deputado Federal;Visual;Solteiro(a);45 a 49 anos;Masculino;Superior incompleto;PSB;Não eleito;Visual;AP;1;2024-02-21 19:37:48
2022;Deputado Federal;Visual;Solteiro(a);50 a 54 anos;Feminino;Ensino Fundamental completo;PSC;Suplente;Visual;SP;1;2024-02-21 19:37:48
2022;Deputado Federal;Visual;Solteiro(a);50 a 54 anos;Feminino;Superior completo;PODE;Suplente;Visual;MG;1;2024-02-21 19:37:48
2022;Deputado Federal;Visual;Solteiro(a);50 a 54 anos;Masculino;Superior completo;PSC;Suplente;Visual;MG;1;2024-02-21 19:37:48
2022;Deputado Federal;Visual;Solteiro(a);65 a 69 anos;Feminino;Superior completo;PODE;Suplente;Visual;SP;1;2024-02-21 19:37:48
2022;Deputado Federal;Visual;Solteiro(a);65 a 69 anos;Masculino;Superior completo;PSB;Não eleito;Visual;RJ;1;2024-02-21 19:37:48
2022;Deputado Federal;Visual;Solteiro(a);70 a 74 anos;Masculino;Superior completo;PATRIOTA;Não eleito;Visual;RN;1;2024-02-21 19:37:48
2022;Deputado Federal;Visual;Viúvo(a);50 a 54 anos;Feminino;Superior completo;PSC;Não eleito;Visual;PA;1;2024-02-21 19:37:48
2022;Deputado Federal;Visual;Viúvo(a);55 a 59 anos;Feminino;Ensino Médio completo;PP;Suplente;Visual;RS;1;2024-02-21 19:37:48
2022;Deputado Federal;Visual;Viúvo(a);60 a 64 anos;Feminino;Superior incompleto;PROS;Suplente;Visual;PR;1;2024-02-21 19:37:48
2022;Deputado Federal;Visual;Viúvo(a);65 a 69 anos;Masculino;Ensino Médio completo;PL;Suplente;Visual;MG;1;2024-02-21 19:37:48
2022;Deputado Federal;Visual;Viúvo(a);70 a 74 anos;Masculino;Superior completo;PODE;Não eleito;Visual;DF;1;2024-02-21 19:37:48
2022;Governador;Auditiva;Divorciado(a);60 a 64 anos;Masculino;Superior completo;PT;Não eleito;Auditiva;AC;1;2024-02-21 19:37:48
2022;Governador;Física - Outros;Casado(a);35 a 39 anos;Masculino;Superior completo;NOVO;Não eleito;Física;RJ;1;2024-02-21 19:37:48
2022;Governador;Física - Outros;Casado(a);60 a 64 anos;Masculino;Superior completo;PT;2º turno;Física;SC;1;2024-02-21 19:37:48
2022;Governador;Outros;Casado(a);60 a 64 anos;Masculino;Superior completo;PRTB;Não eleito;Outros;RN;1;2024-02-21 19:37:48
2022;Senador;Auditiva;Casado(a);55 a 59 anos;Masculino;Superior completo;PL;Eleito;Auditiva;SP;1;2024-02-21 19:37:48
2022;Senador;Física - Outros;Divorciado(a);45 a 49 anos;Masculino;Superior incompleto;PSOL;#NULO#;Física;CE;1;2024-02-21 19:37:48
2022;Vice-governador;Outros;Solteiro(a);40 a 44 anos;Masculino;Ensino Médio completo;PRTB;Não eleito;Outros;RN;1;2024-02-21 19:37:48
2022;Vice-governador;Visual;Solteiro(a);50 a 54 anos;Masculino;Ensino Fundamental incompleto;PSOL;Não eleito;Visual;RN;1;2024-02-21 19:37:48
2022;Vice-presidente;Física - Tetraplegia;Solteiro(a);55 a 59 anos;Feminino;Superior completo;PSDB;Não eleito;Física;BR;1;2024-02-21 19:37:48
